id, key_number, put_duration, get_duration
1670803236558, 30, 563.7185029760003, 0
1670803248587, 40, 567.0163410007954, 0
1670803266748, 50, 677.4889780059457, 0
